{"coco/AP": 0.298003300330033, "coco/AP .5": 0.8277227722772278, "coco/AP .75": 0.0, "coco/AP (M)": -1.0, "coco/AP (L)": 0.298003300330033, "coco/AR": 0.33999999999999997, "coco/AR .5": 0.8666666666666667, "coco/AR .75": 0.0, "coco/AR (M)": -1.0, "coco/AR (L)": 0.33999999999999997, "data_time": 0.09258294105529785, "time": 0.24459576606750488, "step": 10}
{"coco/AP": 0.5143016224699393, "coco/AP .5": 1.0, "coco/AP .75": 0.4917491749174918, "coco/AP (M)": -1.0, "coco/AP (L)": 0.5143016224699393, "coco/AR": 0.5333333333333334, "coco/AR .5": 1.0, "coco/AR .75": 0.5333333333333333, "coco/AR (M)": -1.0, "coco/AR (L)": 0.5333333333333334, "data_time": 0.035663445790608726, "time": 0.14894835154215494, "step": 20}
{"coco/AP": 0.7766501650165017, "coco/AP .5": 1.0, "coco/AP .75": 0.9306930693069307, "coco/AP (M)": -1.0, "coco/AP (L)": 0.7766501650165017, "coco/AR": 0.78, "coco/AR .5": 1.0, "coco/AR .75": 0.9333333333333333, "coco/AR (M)": -1.0, "coco/AR (L)": 0.78, "data_time": 0.03653248151143392, "time": 0.12838029861450195, "step": 30}
{"coco/AP": 0.8379620462046204, "coco/AP .5": 1.0, "coco/AP .75": 0.9306930693069307, "coco/AP (M)": -1.0, "coco/AP (L)": 0.8379620462046204, "coco/AR": 0.8466666666666667, "coco/AR .5": 1.0, "coco/AR .75": 0.9333333333333333, "coco/AR (M)": -1.0, "coco/AR (L)": 0.8466666666666667, "data_time": 0.036261399586995445, "time": 0.12965846061706543, "step": 40}
{"coco/AP": 0.8398679867986798, "coco/AP .5": 1.0, "coco/AP .75": 0.9306930693069307, "coco/AP (M)": -1.0, "coco/AP (L)": 0.8398679867986798, "coco/AR": 0.8533333333333335, "coco/AR .5": 1.0, "coco/AR .75": 0.9333333333333333, "coco/AR (M)": -1.0, "coco/AR (L)": 0.8533333333333335, "data_time": 0.034459431966145836, "time": 0.12780936559041342, "step": 50}
{"coco/AP": 0.8299054905490549, "coco/AP .5": 1.0, "coco/AP .75": 0.9306930693069307, "coco/AP (M)": -1.0, "coco/AP (L)": 0.8299054905490549, "coco/AR": 0.8400000000000001, "coco/AR .5": 1.0, "coco/AR .75": 0.9333333333333333, "coco/AR (M)": -1.0, "coco/AR (L)": 0.8400000000000001, "data_time": 0.03642543156941732, "time": 0.1307805379231771, "step": 60}
{"coco/AP": 0.8304455445544554, "coco/AP .5": 1.0, "coco/AP .75": 0.9306930693069307, "coco/AP (M)": -1.0, "coco/AP (L)": 0.8304455445544554, "coco/AR": 0.8400000000000001, "coco/AR .5": 1.0, "coco/AR .75": 0.9333333333333333, "coco/AR (M)": -1.0, "coco/AR (L)": 0.8400000000000001, "data_time": 0.036234537760416664, "time": 0.13602463404337564, "step": 70}
{"coco/AP": 0.7673679867986798, "coco/AP .5": 0.926072607260726, "coco/AP .75": 0.8613861386138614, "coco/AP (M)": -1.0, "coco/AP (L)": 0.7673679867986798, "coco/AR": 0.7866666666666667, "coco/AR .5": 0.9333333333333333, "coco/AR .75": 0.8666666666666667, "coco/AR (M)": -1.0, "coco/AR (L)": 0.7866666666666667, "data_time": 0.03617008527119955, "time": 0.15075349807739258, "step": 80}
{"coco/AP": 0.8214648387915715, "coco/AP .5": 1.0, "coco/AP .75": 0.9306930693069307, "coco/AP (M)": -1.0, "coco/AP (L)": 0.8214648387915715, "coco/AR": 0.8400000000000001, "coco/AR .5": 1.0, "coco/AR .75": 0.9333333333333333, "coco/AR (M)": -1.0, "coco/AR (L)": 0.8400000000000001, "data_time": 0.035271008809407554, "time": 0.14317051569620767, "step": 90}
{"coco/AP": 0.8174855837232076, "coco/AP .5": 1.0, "coco/AP .75": 0.9306930693069307, "coco/AP (M)": -1.0, "coco/AP (L)": 0.8174855837232076, "coco/AR": 0.8400000000000001, "coco/AR .5": 1.0, "coco/AR .75": 0.9333333333333333, "coco/AR (M)": -1.0, "coco/AR (L)": 0.8400000000000001, "data_time": 0.03490988413492838, "time": 0.12690361340840658, "step": 100}
{"coco/AP": 0.8215841584158415, "coco/AP .5": 1.0, "coco/AP .75": 0.9306930693069307, "coco/AP (M)": -1.0, "coco/AP (L)": 0.8215841584158415, "coco/AR": 0.8333333333333333, "coco/AR .5": 1.0, "coco/AR .75": 0.9333333333333333, "coco/AR (M)": -1.0, "coco/AR (L)": 0.8333333333333333, "data_time": 0.034742514292399086, "time": 0.12871185938517252, "step": 110}
{"coco/AP": 0.7961767605331962, "coco/AP .5": 1.0, "coco/AP .75": 0.9306930693069307, "coco/AP (M)": -1.0, "coco/AP (L)": 0.7961767605331962, "coco/AR": 0.8133333333333332, "coco/AR .5": 1.0, "coco/AR .75": 0.9333333333333333, "coco/AR (M)": -1.0, "coco/AR (L)": 0.8133333333333332, "data_time": 0.03525845209757487, "time": 0.13623261451721191, "step": 120}
{"coco/AP": 0.7860927521323562, "coco/AP .5": 1.0, "coco/AP .75": 0.9306930693069307, "coco/AP (M)": -1.0, "coco/AP (L)": 0.7860927521323562, "coco/AR": 0.8066666666666666, "coco/AR .5": 1.0, "coco/AR .75": 0.9333333333333333, "coco/AR (M)": -1.0, "coco/AR (L)": 0.8066666666666666, "data_time": 0.03473989168802897, "time": 0.12926538785298666, "step": 130}
{"coco/AP": 0.8049591744888774, "coco/AP .5": 1.0, "coco/AP .75": 0.9306930693069307, "coco/AP (M)": -1.0, "coco/AP (L)": 0.8049591744888774, "coco/AR": 0.82, "coco/AR .5": 1.0, "coco/AR .75": 0.9333333333333333, "coco/AR (M)": -1.0, "coco/AR (L)": 0.82, "data_time": 0.034725586573282875, "time": 0.13313825925191244, "step": 140}
{"coco/AP": 0.792053095419432, "coco/AP .5": 1.0, "coco/AP .75": 0.9306930693069307, "coco/AP (M)": -1.0, "coco/AP (L)": 0.792053095419432, "coco/AR": 0.8133333333333332, "coco/AR .5": 1.0, "coco/AR .75": 0.9333333333333333, "coco/AR (M)": -1.0, "coco/AR (L)": 0.8133333333333332, "data_time": 0.03606454531351725, "time": 0.13590741157531738, "step": 150}
{"coco/AP": 0.7918156101324418, "coco/AP .5": 0.9306930693069307, "coco/AP .75": 0.9306930693069307, "coco/AP (M)": -1.0, "coco/AP (L)": 0.7918156101324418, "coco/AR": 0.8066666666666666, "coco/AR .5": 0.9333333333333333, "coco/AR .75": 0.9333333333333333, "coco/AR (M)": -1.0, "coco/AR (L)": 0.8066666666666666, "data_time": 0.03536613782246908, "time": 0.1295161247253418, "step": 160}
{"coco/AP": 0.7751035103510351, "coco/AP .5": 0.9306930693069307, "coco/AP .75": 0.9306930693069307, "coco/AP (M)": -1.0, "coco/AP (L)": 0.7751035103510351, "coco/AR": 0.7866666666666666, "coco/AR .5": 0.9333333333333333, "coco/AR .75": 0.9333333333333333, "coco/AR (M)": -1.0, "coco/AR (L)": 0.7866666666666666, "data_time": 0.03584583600362142, "time": 0.1346430778503418, "step": 170}
{"coco/AP": 0.7839495158307039, "coco/AP .5": 0.9306930693069307, "coco/AP .75": 0.9306930693069307, "coco/AP (M)": -1.0, "coco/AP (L)": 0.7839495158307039, "coco/AR": 0.8, "coco/AR .5": 0.9333333333333333, "coco/AR .75": 0.9333333333333333, "coco/AR (M)": -1.0, "coco/AR (L)": 0.8, "data_time": 0.03541485468546549, "time": 0.14300100008646646, "step": 180}
{"coco/AP": 0.7714276812296615, "coco/AP .5": 0.9306930693069307, "coco/AP .75": 0.9306930693069307, "coco/AP (M)": -1.0, "coco/AP (L)": 0.7714276812296615, "coco/AR": 0.7933333333333333, "coco/AR .5": 0.9333333333333333, "coco/AR .75": 0.9333333333333333, "coco/AR (M)": -1.0, "coco/AR (L)": 0.7933333333333333, "data_time": 0.0348656972249349, "time": 0.13396660486857095, "step": 190}
{"coco/AP": 0.7713613861386139, "coco/AP .5": 0.9306930693069307, "coco/AP .75": 0.9306930693069307, "coco/AP (M)": -1.0, "coco/AP (L)": 0.7713613861386139, "coco/AR": 0.7866666666666667, "coco/AR .5": 0.9333333333333333, "coco/AR .75": 0.9333333333333333, "coco/AR (M)": -1.0, "coco/AR (L)": 0.7866666666666667, "data_time": 0.036624908447265625, "time": 0.1431138515472412, "step": 200}
{"coco/AP": 0.7607583258325833, "coco/AP .5": 0.9306930693069307, "coco/AP .75": 0.9306930693069307, "coco/AP (M)": -1.0, "coco/AP (L)": 0.7607583258325833, "coco/AR": 0.7733333333333332, "coco/AR .5": 0.9333333333333333, "coco/AR .75": 0.9333333333333333, "coco/AR (M)": -1.0, "coco/AR (L)": 0.7733333333333332, "data_time": 0.0349879264831543, "time": 0.12715228398640951, "step": 210}
