{"coco/AP": 0.8922848438690023, "coco/AP .5": 1.0, "coco/AP .75": 0.908910891089109, "coco/AP (M)": -1.0, "coco/AP (L)": 0.8922848438690023, "coco/AR": 0.9066666666666666, "coco/AR .5": 1.0, "coco/AR .75": 0.9333333333333333, "coco/AR (M)": -1.0, "coco/AR (L)": 0.9066666666666666, "data_time": 0.36658740043640137, "time": 0.6699817180633545}