{"coco/AP": 0.7811329817532497, "coco/AP .5": 1.0, "coco/AP .75": 0.8992428654630171, "coco/AP (M)": -1.0, "coco/AP (L)": 0.7811329817532497, "coco/AR": 0.823529411764706, "coco/AR .5": 1.0, "coco/AR .75": 0.9411764705882353, "coco/AR (M)": -1.0, "coco/AR (L)": 0.823529411764706, "data_time": 0.4041728973388672, "time": 0.6381424268086752}