{"coco/AP": 0.7961852067559697, "coco/AP .5": 1.0, "coco/AP .75": 0.860221316249272, "coco/AP (M)": -1.0, "coco/AP (L)": 0.7961852067559697, "coco/AR": 0.8294117647058823, "coco/AR .5": 1.0, "coco/AR .75": 0.8823529411764706, "coco/AR (M)": -1.0, "coco/AR (L)": 0.8294117647058823, "data_time": 0.5098218123118082, "time": 0.8031111558278402}