{"coco/AP": 0.7909214576919877, "coco/AP .5": 1.0, "coco/AP .75": 0.7984857309260338, "coco/AP (M)": -1.0, "coco/AP (L)": 0.7909214576919877, "coco/AR": 0.8411764705882352, "coco/AR .5": 1.0, "coco/AR .75": 0.8823529411764706, "coco/AR (M)": -1.0, "coco/AR (L)": 0.8411764705882352, "data_time": 0.3837752342224121, "time": 0.6091616948445638}