{"coco/AP": 0.8265425103434714, "coco/AP .5": 1.0, "coco/AP .75": 0.8992428654630171, "coco/AP (M)": -1.0, "coco/AP (L)": 0.8265425103434714, "coco/AR": 0.8588235294117647, "coco/AR .5": 1.0, "coco/AR .75": 0.9411764705882353, "coco/AR (M)": -1.0, "coco/AR (L)": 0.8588235294117647, "data_time": 0.406572421391805, "time": 0.6530105272928873}