{"coco/AP": 0.8445835760046593, "coco/AP .5": 1.0, "coco/AP .75": 0.8887594641817125, "coco/AP (M)": -1.0, "coco/AP (L)": 0.8445835760046593, "coco/AR": 0.8823529411764707, "coco/AR .5": 1.0, "coco/AR .75": 0.9411764705882353, "coco/AR (M)": -1.0, "coco/AR (L)": 0.8823529411764707, "data_time": 0.429221232732137, "time": 0.7148065567016602}