{"coco/AP": 0.8384236439157814, "coco/AP .5": 1.0, "coco/AP .75": 0.9132207338380898, "coco/AP (M)": -1.0, "coco/AP (L)": 0.8384236439157814, "coco/AR": 0.8647058823529411, "coco/AR .5": 1.0, "coco/AR .75": 0.9411764705882353, "coco/AR (M)": -1.0, "coco/AR (L)": 0.8647058823529411, "data_time": 0.4316545327504476, "time": 0.6895925998687744}