{"coco/AP": 0.844481552227621, "coco/AP .5": 1.0, "coco/AP .75": 0.8922539312754806, "coco/AP (M)": -1.0, "coco/AP (L)": 0.844481552227621, "coco/AR": 0.8823529411764707, "coco/AR .5": 1.0, "coco/AR .75": 0.9411764705882353, "coco/AR (M)": -1.0, "coco/AR (L)": 0.8823529411764707, "data_time": 0.06569870313008626, "time": 0.2972679138183594}