{"coco/AP": 0.7951456910396923, "coco/AP .5": 1.0, "coco/AP .75": 0.8054746651135704, "coco/AP (M)": -1.0, "coco/AP (L)": 0.7951456910396923, "coco/AR": 0.8470588235294118, "coco/AR .5": 1.0, "coco/AR .75": 0.8823529411764706, "coco/AR (M)": -1.0, "coco/AR (L)": 0.8470588235294118, "data_time": 0.08751829465230306, "time": 0.3504369258880615}