{"coco/AP": 0.812082316828968, "coco/AP .5": 1.0, "coco/AP .75": 0.9161327897495632, "coco/AP (M)": -1.0, "coco/AP (L)": 0.812082316828968, "coco/AR": 0.8352941176470587, "coco/AR .5": 1.0, "coco/AR .75": 0.9411764705882353, "coco/AR (M)": -1.0, "coco/AR (L)": 0.8352941176470587, "data_time": 0.39810887972513836, "time": 0.6410636901855469}