{"coco/AP": 0.8326372133011621, "coco/AP .5": 1.0, "coco/AP .75": 0.8957483983692489, "coco/AP (M)": -1.0, "coco/AP (L)": 0.8326372133011621, "coco/AR": 0.8882352941176471, "coco/AR .5": 1.0, "coco/AR .75": 0.9411764705882353, "coco/AR (M)": -1.0, "coco/AR (L)": 0.8882352941176471, "data_time": 0.4283882776896159, "time": 0.6717691421508789}