{"coco/AP": 0.882046204620462, "coco/AP .5": 1.0, "coco/AP .75": 0.912871287128713, "coco/AP (M)": -1.0, "coco/AP (L)": 0.882046204620462, "coco/AR": 0.9, "coco/AR .5": 1.0, "coco/AR .75": 0.9333333333333333, "coco/AR (M)": -1.0, "coco/AR (L)": 0.9, "data_time": 0.4149690866470337, "time": 0.8084313869476318}