{"coco/AP": 0.8367950713138541, "coco/AP .5": 1.0, "coco/AP .75": 0.8992428654630171, "coco/AP (M)": -1.0, "coco/AP (L)": 0.8367950713138541, "coco/AR": 0.8705882352941178, "coco/AR .5": 1.0, "coco/AR .75": 0.9411764705882353, "coco/AR (M)": -1.0, "coco/AR (L)": 0.8705882352941178, "data_time": 0.4167316754659017, "time": 0.6813491185506185}