{"coco/AP": 0.8379670889681082, "coco/AP .5": 1.0, "coco/AP .75": 0.9027373325567852, "coco/AP (M)": -1.0, "coco/AP (L)": 0.8379670889681082, "coco/AR": 0.8705882352941176, "coco/AR .5": 1.0, "coco/AR .75": 0.9411764705882353, "coco/AR (M)": -1.0, "coco/AR (L)": 0.8705882352941176, "data_time": 0.43320266405741376, "time": 0.706708828608195}