{"coco/AP": 0.8094209420942095, "coco/AP .5": 0.9207920792079208, "coco/AP .75": 0.9207920792079208, "coco/AP (M)": -1.0, "coco/AP (L)": 0.8094209420942095, "coco/AR": 0.823076923076923, "coco/AR .5": 0.9230769230769231, "coco/AR .75": 0.9230769230769231, "coco/AR (M)": -1.0, "coco/AR (L)": 0.823076923076923, "data_time": 0.37999510765075684, "time": 0.8021512031555176}