{"coco/AP": 0.8427933416321594, "coco/AP .5": 1.0, "coco/AP .75": 0.9132207338380898, "coco/AP (M)": -1.0, "coco/AP (L)": 0.8427933416321594, "coco/AR": 0.8705882352941176, "coco/AR .5": 1.0, "coco/AR .75": 0.9411764705882353, "coco/AR (M)": -1.0, "coco/AR (L)": 0.8705882352941176, "data_time": 0.5114538669586182, "time": 0.8102640310923258}