{"coco/AP": 0.8357475663532741, "coco/AP .5": 1.0, "coco/AP .75": 0.8922539312754806, "coco/AP (M)": -1.0, "coco/AP (L)": 0.8357475663532741, "coco/AR": 0.8882352941176471, "coco/AR .5": 1.0, "coco/AR .75": 0.9411764705882353, "coco/AR (M)": -1.0, "coco/AR (L)": 0.8882352941176471, "data_time": 0.41582226753234863, "time": 0.6545650959014893}