{"coco/AP": 0.8543254430485065, "coco/AP .5": 1.0, "coco/AP .75": 0.8887594641817125, "coco/AP (M)": -1.0, "coco/AP (L)": 0.8543254430485065, "coco/AR": 0.8941176470588236, "coco/AR .5": 1.0, "coco/AR .75": 0.9411764705882353, "coco/AR (M)": -1.0, "coco/AR (L)": 0.8941176470588236, "data_time": 0.4410232702891032, "time": 0.7221537431081136}