{"coco/AP": 0.8129379657422756, "coco/AP .5": 1.0, "coco/AP .75": 0.8164822364589401, "coco/AP (M)": -1.0, "coco/AP (L)": 0.8129379657422756, "coco/AR": 0.8588235294117647, "coco/AR .5": 1.0, "coco/AR .75": 0.8823529411764706, "coco/AR (M)": -1.0, "coco/AR (L)": 0.8588235294117647, "data_time": 0.42248106002807617, "time": 0.6348922252655029}