{"coco/AP": 0.8016164964912782, "coco/AP .5": 1.0, "coco/AP .75": 0.9132207338380898, "coco/AP (M)": -1.0, "coco/AP (L)": 0.8016164964912782, "coco/AR": 0.823529411764706, "coco/AR .5": 1.0, "coco/AR .75": 0.9411764705882353, "coco/AR (M)": -1.0, "coco/AR (L)": 0.823529411764706, "data_time": 0.4213590621948242, "time": 0.679044246673584}