{"coco/AP": 0.8204397391096576, "coco/AP .5": 1.0, "coco/AP .75": 0.885264997087944, "coco/AP (M)": -1.0, "coco/AP (L)": 0.8204397391096576, "coco/AR": 0.876470588235294, "coco/AR .5": 1.0, "coco/AR .75": 0.9411764705882353, "coco/AR (M)": -1.0, "coco/AR (L)": 0.876470588235294, "data_time": 0.09572490056355794, "time": 0.3847229480743408}