{"coco/AP": 0.8722300801508722, "coco/AP .5": 1.0, "coco/AP .75": 0.9042904290429044, "coco/AP (M)": -1.0, "coco/AP (L)": 0.8722300801508722, "coco/AR": 0.9, "coco/AR .5": 1.0, "coco/AR .75": 0.9333333333333333, "coco/AR (M)": -1.0, "coco/AR (L)": 0.9, "data_time": 0.3821223974227905, "time": 0.6981390714645386}