{"coco/AP": 0.8583969825553984, "coco/AP .5": 1.0, "coco/AP .75": 0.9221122112211221, "coco/AP (M)": -1.0, "coco/AP (L)": 0.8583969825553984, "coco/AR": 0.8800000000000001, "coco/AR .5": 1.0, "coco/AR .75": 0.9333333333333333, "coco/AR (M)": -1.0, "coco/AR (L)": 0.8800000000000001, "data_time": 0.3804229497909546, "time": 0.7289841175079346}