{"coco/AP": 0.8241321113365377, "coco/AP .5": 1.0, "coco/AP .75": 0.885264997087944, "coco/AP (M)": -1.0, "coco/AP (L)": 0.8241321113365377, "coco/AR": 0.876470588235294, "coco/AR .5": 1.0, "coco/AR .75": 0.9411764705882353, "coco/AR (M)": -1.0, "coco/AR (L)": 0.876470588235294, "data_time": 0.4298528830210368, "time": 0.6897830963134766}