{"coco/AP": 0.8773031588873174, "coco/AP .5": 1.0, "coco/AP .75": 0.912871287128713, "coco/AP (M)": -1.0, "coco/AP (L)": 0.8773031588873174, "coco/AR": 0.8933333333333333, "coco/AR .5": 1.0, "coco/AR .75": 0.9333333333333333, "coco/AR (M)": -1.0, "coco/AR (L)": 0.8933333333333333, "data_time": 0.4046825170516968, "time": 0.7276912927627563}