{"coco/AP": 0.8495731331374896, "coco/AP .5": 1.0, "coco/AP .75": 0.912871287128713, "coco/AP (M)": -1.0, "coco/AP (L)": 0.8495731331374896, "coco/AR": 0.8733333333333333, "coco/AR .5": 1.0, "coco/AR .75": 0.9333333333333333, "coco/AR (M)": -1.0, "coco/AR (L)": 0.8733333333333333, "data_time": 0.37599611282348633, "time": 0.6862365007400513}