{"coco/AP": 0.8627851356564228, "coco/AP .5": 1.0, "coco/AP .75": 0.8996699669966998, "coco/AP (M)": -1.0, "coco/AP (L)": 0.8627851356564228, "coco/AR": 0.8866666666666667, "coco/AR .5": 1.0, "coco/AR .75": 0.9333333333333333, "coco/AR (M)": -1.0, "coco/AR (L)": 0.8866666666666667, "data_time": 0.39554154872894287, "time": 0.7641035318374634}