{"coco/AP": 0.8592547056903493, "coco/AP .5": 1.0, "coco/AP .75": 0.8996699669966998, "coco/AP (M)": -1.0, "coco/AP (L)": 0.8592547056903493, "coco/AR": 0.8933333333333333, "coco/AR .5": 1.0, "coco/AR .75": 0.9333333333333333, "coco/AR (M)": -1.0, "coco/AR (L)": 0.8933333333333333, "data_time": 0.3634159564971924, "time": 0.677881121635437}