{"coco/AP": 0.8228044485120781, "coco/AP .5": 1.0, "coco/AP .75": 0.9161327897495632, "coco/AP (M)": -1.0, "coco/AP (L)": 0.8228044485120781, "coco/AR": 0.8529411764705881, "coco/AR .5": 1.0, "coco/AR .75": 0.9411764705882353, "coco/AR (M)": -1.0, "coco/AR (L)": 0.8529411764705881, "data_time": 0.41031233469645184, "time": 0.6223688920338949}