{"coco/AP": 0.8298671547827053, "coco/AP .5": 1.0, "coco/AP .75": 0.9132207338380898, "coco/AP (M)": -1.0, "coco/AP (L)": 0.8298671547827053, "coco/AR": 0.8647058823529411, "coco/AR .5": 1.0, "coco/AR .75": 0.9411764705882353, "coco/AR (M)": -1.0, "coco/AR (L)": 0.8647058823529411, "data_time": 0.38455867767333984, "time": 0.616349458694458}