{"coco/AP": 0.871993798280927, "coco/AP .5": 1.0, "coco/AP .75": 0.8778877887788781, "coco/AP (M)": -1.0, "coco/AP (L)": 0.871993798280927, "coco/AR": 0.9133333333333333, "coco/AR .5": 1.0, "coco/AR .75": 0.9333333333333333, "coco/AR (M)": -1.0, "coco/AR (L)": 0.9133333333333333, "data_time": 0.3834174871444702, "time": 0.7294090986251831}