{"coco/AP": 0.8397882839350516, "coco/AP .5": 1.0, "coco/AP .75": 0.9231217239370997, "coco/AP (M)": -1.0, "coco/AP (L)": 0.8397882839350516, "coco/AR": 0.864705882352941, "coco/AR .5": 1.0, "coco/AR .75": 0.9411764705882353, "coco/AR (M)": -1.0, "coco/AR (L)": 0.864705882352941, "data_time": 0.40308666229248047, "time": 0.6705483595530192}