{"coco/AP": 0.7856066783148904, "coco/AP .5": 1.0, "coco/AP .75": 0.8887594641817125, "coco/AP (M)": -1.0, "coco/AP (L)": 0.7856066783148904, "coco/AR": 0.8470588235294118, "coco/AR .5": 1.0, "coco/AR .75": 0.9411764705882353, "coco/AR (M)": -1.0, "coco/AR (L)": 0.8470588235294118, "data_time": 0.06843996047973633, "time": 0.2984773317972819}