{"coco/AP": 0.7809322738996588, "coco/AP .5": 1.0, "coco/AP .75": 0.8887594641817125, "coco/AP (M)": -1.0, "coco/AP (L)": 0.7809322738996588, "coco/AR": 0.8352941176470587, "coco/AR .5": 1.0, "coco/AR .75": 0.9411764705882353, "coco/AR (M)": -1.0, "coco/AR (L)": 0.8352941176470587, "data_time": 0.3936944007873535, "time": 0.6289681593577067}