{"coco/AP": 0.8610325318246111, "coco/AP .5": 1.0, "coco/AP .75": 0.9042904290429044, "coco/AP (M)": -1.0, "coco/AP (L)": 0.8610325318246111, "coco/AR": 0.8800000000000001, "coco/AR .5": 1.0, "coco/AR .75": 0.9333333333333333, "coco/AR (M)": -1.0, "coco/AR (L)": 0.8800000000000001, "data_time": 0.3614823818206787, "time": 0.6625421047210693}