{"coco/AP": 0.8355158819049325, "coco/AP .5": 1.0, "coco/AP .75": 0.9097262667443217, "coco/AP (M)": -1.0, "coco/AP (L)": 0.8355158819049325, "coco/AR": 0.8588235294117647, "coco/AR .5": 1.0, "coco/AR .75": 0.9411764705882353, "coco/AR (M)": -1.0, "coco/AR (L)": 0.8588235294117647, "data_time": 0.4159584840138753, "time": 0.6381320158640543}