{"coco/AP": 0.831931941093269, "coco/AP .5": 1.0, "coco/AP .75": 0.8224228305183462, "coco/AP (M)": -1.0, "coco/AP (L)": 0.831931941093269, "coco/AR": 0.8705882352941176, "coco/AR .5": 1.0, "coco/AR .75": 0.8823529411764706, "coco/AR (M)": -1.0, "coco/AR (L)": 0.8705882352941176, "data_time": 0.0817265510559082, "time": 0.3434324264526367}