{"coco/AP": 0.326978697869787, "coco/AP .5": 1.0, "coco/AP .75": 0.06930693069306929, "coco/AP (M)": -1.0, "coco/AP (L)": 0.326978697869787, "coco/AR": 0.35333333333333333, "coco/AR .5": 1.0, "coco/AR .75": 0.06666666666666667, "coco/AR (M)": -1.0, "coco/AR (L)": 0.35333333333333333, "data_time": 0.10321927070617676, "time": 0.24925506114959717, "step": 10}
{"coco/AP": 0.49801980198019796, "coco/AP .5": 1.0, "coco/AP .75": 0.4785478547854785, "coco/AP (M)": -1.0, "coco/AP (L)": 0.49801980198019796, "coco/AR": 0.52, "coco/AR .5": 1.0, "coco/AR .75": 0.5333333333333333, "coco/AR (M)": -1.0, "coco/AR (L)": 0.52, "data_time": 0.041692654291788735, "time": 0.1780069669087728, "step": 20}
{"coco/AP": 0.5938696369636964, "coco/AP .5": 1.0, "coco/AP .75": 0.7178217821782178, "coco/AP (M)": -1.0, "coco/AP (L)": 0.5938696369636964, "coco/AR": 0.62, "coco/AR .5": 1.0, "coco/AR .75": 0.7333333333333333, "coco/AR (M)": -1.0, "coco/AR (L)": 0.62, "data_time": 0.03530057271321615, "time": 0.1452778180440267, "step": 30}
{"coco/AP": 0.8768976897689769, "coco/AP .5": 1.0, "coco/AP .75": 1.0, "coco/AP (M)": -1.0, "coco/AP (L)": 0.8768976897689769, "coco/AR": 0.8933333333333333, "coco/AR .5": 1.0, "coco/AR .75": 1.0, "coco/AR (M)": -1.0, "coco/AR (L)": 0.8933333333333333, "data_time": 0.03513598442077637, "time": 0.133374293645223, "step": 40}
{"coco/AP": 0.8896699669966996, "coco/AP .5": 1.0, "coco/AP .75": 1.0, "coco/AP (M)": -1.0, "coco/AP (L)": 0.8896699669966996, "coco/AR": 0.9133333333333334, "coco/AR .5": 1.0, "coco/AR .75": 1.0, "coco/AR (M)": -1.0, "coco/AR (L)": 0.9133333333333334, "data_time": 0.0360560417175293, "time": 0.13232962290445963, "step": 50}
{"coco/AP": 0.9283356907119283, "coco/AP .5": 1.0, "coco/AP .75": 1.0, "coco/AP (M)": -1.0, "coco/AP (L)": 0.9283356907119283, "coco/AR": 0.9400000000000001, "coco/AR .5": 1.0, "coco/AR .75": 1.0, "coco/AR (M)": -1.0, "coco/AR (L)": 0.9400000000000001, "data_time": 0.035820960998535156, "time": 0.13865319887797037, "step": 60}
{"coco/AP": 0.9647524752475247, "coco/AP .5": 1.0, "coco/AP .75": 1.0, "coco/AP (M)": -1.0, "coco/AP (L)": 0.9647524752475247, "coco/AR": 0.9733333333333333, "coco/AR .5": 1.0, "coco/AR .75": 1.0, "coco/AR (M)": -1.0, "coco/AR (L)": 0.9733333333333333, "data_time": 0.040705601374308266, "time": 0.1494312286376953, "step": 70}
{"coco/AP": 0.9698608322370699, "coco/AP .5": 1.0, "coco/AP .75": 1.0, "coco/AP (M)": -1.0, "coco/AP (L)": 0.9698608322370699, "coco/AR": 0.9733333333333333, "coco/AR .5": 1.0, "coco/AR .75": 1.0, "coco/AR (M)": -1.0, "coco/AR (L)": 0.9733333333333333, "data_time": 0.0350808302561442, "time": 0.14138245582580566, "step": 80}
{"coco/AP": 0.9853465346534654, "coco/AP .5": 1.0, "coco/AP .75": 1.0, "coco/AP (M)": -1.0, "coco/AP (L)": 0.9853465346534654, "coco/AR": 0.9866666666666667, "coco/AR .5": 1.0, "coco/AR .75": 1.0, "coco/AR (M)": -1.0, "coco/AR (L)": 0.9866666666666667, "data_time": 0.03591307004292806, "time": 0.13910182317097983, "step": 90}
{"coco/AP": 0.9644271570014145, "coco/AP .5": 1.0, "coco/AP .75": 1.0, "coco/AP (M)": -1.0, "coco/AP (L)": 0.9644271570014145, "coco/AR": 0.9666666666666668, "coco/AR .5": 1.0, "coco/AR .75": 1.0, "coco/AR (M)": -1.0, "coco/AR (L)": 0.9666666666666668, "data_time": 0.03508607546488444, "time": 0.1376918156941732, "step": 100}
{"coco/AP": 0.9853465346534654, "coco/AP .5": 1.0, "coco/AP .75": 1.0, "coco/AP (M)": -1.0, "coco/AP (L)": 0.9853465346534654, "coco/AR": 0.9866666666666667, "coco/AR .5": 1.0, "coco/AR .75": 1.0, "coco/AR (M)": -1.0, "coco/AR (L)": 0.9866666666666667, "data_time": 0.03497815132141113, "time": 0.13216121991475424, "step": 110}
{"coco/AP": 0.9657515751575158, "coco/AP .5": 1.0, "coco/AP .75": 1.0, "coco/AP (M)": -1.0, "coco/AP (L)": 0.9657515751575158, "coco/AR": 0.9733333333333333, "coco/AR .5": 1.0, "coco/AR .75": 1.0, "coco/AR (M)": -1.0, "coco/AR (L)": 0.9733333333333333, "data_time": 0.03672909736633301, "time": 0.1504817008972168, "step": 120}
{"coco/AP": 0.9842802741812643, "coco/AP .5": 1.0, "coco/AP .75": 1.0, "coco/AP (M)": -1.0, "coco/AP (L)": 0.9842802741812643, "coco/AR": 0.9866666666666667, "coco/AR .5": 1.0, "coco/AR .75": 1.0, "coco/AR (M)": -1.0, "coco/AR (L)": 0.9866666666666667, "data_time": 0.03823932011922201, "time": 0.1409757932027181, "step": 130}
{"coco/AP": 0.9922112211221122, "coco/AP .5": 1.0, "coco/AP .75": 1.0, "coco/AP (M)": -1.0, "coco/AP (L)": 0.9922112211221122, "coco/AR": 0.9933333333333334, "coco/AR .5": 1.0, "coco/AR .75": 1.0, "coco/AR (M)": -1.0, "coco/AR (L)": 0.9933333333333334, "data_time": 0.038222869237264, "time": 0.1313966910044352, "step": 140}
{"coco/AP": 0.980049504950495, "coco/AP .5": 1.0, "coco/AP .75": 1.0, "coco/AP (M)": -1.0, "coco/AP (L)": 0.980049504950495, "coco/AR": 0.9866666666666667, "coco/AR .5": 1.0, "coco/AR .75": 1.0, "coco/AR (M)": -1.0, "coco/AR (L)": 0.9866666666666667, "data_time": 0.036166985829671226, "time": 0.1272737185160319, "step": 150}
{"coco/AP": 0.9917491749174918, "coco/AP .5": 1.0, "coco/AP .75": 1.0, "coco/AP (M)": -1.0, "coco/AP (L)": 0.9917491749174918, "coco/AR": 0.9933333333333334, "coco/AR .5": 1.0, "coco/AR .75": 1.0, "coco/AR (M)": -1.0, "coco/AR (L)": 0.9933333333333334, "data_time": 0.03523500760396322, "time": 0.1302631696065267, "step": 160}
{"coco/AP": 0.9917491749174918, "coco/AP .5": 1.0, "coco/AP .75": 1.0, "coco/AP (M)": -1.0, "coco/AP (L)": 0.9917491749174918, "coco/AR": 0.9933333333333334, "coco/AR .5": 1.0, "coco/AR .75": 1.0, "coco/AR (M)": -1.0, "coco/AR (L)": 0.9933333333333334, "data_time": 0.035434722900390625, "time": 0.12703633308410645, "step": 170}
{"coco/AP": 0.9922112211221122, "coco/AP .5": 1.0, "coco/AP .75": 1.0, "coco/AP (M)": -1.0, "coco/AP (L)": 0.9922112211221122, "coco/AR": 0.9933333333333334, "coco/AR .5": 1.0, "coco/AR .75": 1.0, "coco/AR (M)": -1.0, "coco/AR (L)": 0.9933333333333334, "data_time": 0.03853336970011393, "time": 0.13882788022359213, "step": 180}
{"coco/AP": 0.9922112211221122, "coco/AP .5": 1.0, "coco/AP .75": 1.0, "coco/AP (M)": -1.0, "coco/AP (L)": 0.9922112211221122, "coco/AR": 0.9933333333333334, "coco/AR .5": 1.0, "coco/AR .75": 1.0, "coco/AR (M)": -1.0, "coco/AR (L)": 0.9933333333333334, "data_time": 0.03892620404561361, "time": 0.13755114873250326, "step": 190}
{"coco/AP": 0.9926072607260725, "coco/AP .5": 1.0, "coco/AP .75": 1.0, "coco/AP (M)": -1.0, "coco/AP (L)": 0.9926072607260725, "coco/AR": 0.9933333333333334, "coco/AR .5": 1.0, "coco/AR .75": 1.0, "coco/AR (M)": -1.0, "coco/AR (L)": 0.9933333333333334, "data_time": 0.03540372848510742, "time": 0.1291059652964274, "step": 200}
{"coco/AP": 0.9922112211221122, "coco/AP .5": 1.0, "coco/AP .75": 1.0, "coco/AP (M)": -1.0, "coco/AP (L)": 0.9922112211221122, "coco/AR": 0.9933333333333334, "coco/AR .5": 1.0, "coco/AR .75": 1.0, "coco/AR (M)": -1.0, "coco/AR (L)": 0.9933333333333334, "data_time": 0.03753741582234701, "time": 0.13775372505187988, "step": 210}
