{"coco/AP": 0.8171191068686702, "coco/AP .5": 1.0, "coco/AP .75": 0.885264997087944, "coco/AP (M)": -1.0, "coco/AP (L)": 0.8171191068686702, "coco/AR": 0.8764705882352942, "coco/AR .5": 1.0, "coco/AR .75": 0.9411764705882353, "coco/AR (M)": -1.0, "coco/AR (L)": 0.8764705882352942, "data_time": 0.42691294352213544, "time": 0.70360000928243}