{"coco/AP": 0.829615032608626, "coco/AP .5": 1.0, "coco/AP .75": 0.9027373325567852, "coco/AP (M)": -1.0, "coco/AP (L)": 0.829615032608626, "coco/AR": 0.8588235294117647, "coco/AR .5": 1.0, "coco/AR .75": 0.9411764705882353, "coco/AR (M)": -1.0, "coco/AR (L)": 0.8588235294117647, "data_time": 0.42121267318725586, "time": 0.6643175284067789}