{"data_time": 0.39217376708984375, "time": 0.7751612663269043}