{"coco/AP": 0.8076740033408641, "coco/AP .5": 1.0, "coco/AP .75": 0.8957483983692489, "coco/AP (M)": -1.0, "coco/AP (L)": 0.8076740033408641, "coco/AR": 0.8470588235294116, "coco/AR .5": 1.0, "coco/AR .75": 0.9411764705882353, "coco/AR (M)": -1.0, "coco/AR (L)": 0.8470588235294116, "data_time": 0.39913034439086914, "time": 0.6445960203806559}