{"coco/AP": 0.8195213348096284, "coco/AP .5": 1.0, "coco/AP .75": 0.8922539312754806, "coco/AP (M)": -1.0, "coco/AP (L)": 0.8195213348096284, "coco/AR": 0.8705882352941176, "coco/AR .5": 1.0, "coco/AR .75": 0.9411764705882353, "coco/AR (M)": -1.0, "coco/AR (L)": 0.8705882352941176, "data_time": 0.4318277835845947, "time": 0.7002723217010498}