{"coco/AP": 0.8704403022719854, "coco/AP .5": 1.0, "coco/AP .75": 0.8864686468646867, "coco/AP (M)": -1.0, "coco/AP (L)": 0.8704403022719854, "coco/AR": 0.9066666666666666, "coco/AR .5": 1.0, "coco/AR .75": 0.9333333333333333, "coco/AR (M)": -1.0, "coco/AR (L)": 0.9066666666666666, "data_time": 0.35961294174194336, "time": 0.6641016006469727}