{"coco/AP": 0.8336767212597149, "coco/AP .5": 1.0, "coco/AP .75": 0.9161327897495632, "coco/AP (M)": -1.0, "coco/AP (L)": 0.8336767212597149, "coco/AR": 0.8705882352941178, "coco/AR .5": 1.0, "coco/AR .75": 0.9411764705882353, "coco/AR (M)": -1.0, "coco/AR (L)": 0.8705882352941178, "data_time": 0.4630449612935384, "time": 0.7259094715118408}