{"coco/AP": 0.8827282728272827, "coco/AP .5": 1.0, "coco/AP .75": 0.9306930693069307, "coco/AP (M)": -1.0, "coco/AP (L)": 0.8827282728272827, "coco/AR": 0.8933333333333333, "coco/AR .5": 1.0, "coco/AR .75": 0.9333333333333333, "coco/AR (M)": -1.0, "coco/AR (L)": 0.8933333333333333, "data_time": 0.08668148517608643, "time": 0.22809720039367676, "step": 10}
{"coco/AP": 0.9324032403240324, "coco/AP .5": 1.0, "coco/AP .75": 1.0, "coco/AP (M)": -1.0, "coco/AP (L)": 0.9324032403240324, "coco/AR": 0.9400000000000001, "coco/AR .5": 1.0, "coco/AR .75": 1.0, "coco/AR (M)": -1.0, "coco/AR (L)": 0.9400000000000001, "data_time": 0.03526473045349121, "time": 0.14755145708719888, "step": 20}
{"coco/AP": 0.9527227722772277, "coco/AP .5": 1.0, "coco/AP .75": 1.0, "coco/AP (M)": -1.0, "coco/AP (L)": 0.9527227722772277, "coco/AR": 0.96, "coco/AR .5": 1.0, "coco/AR .75": 1.0, "coco/AR (M)": -1.0, "coco/AR (L)": 0.96, "data_time": 0.03517444928487142, "time": 0.1330393155415853, "step": 30}
{"coco/AP": 0.9653885388538853, "coco/AP .5": 1.0, "coco/AP .75": 1.0, "coco/AP (M)": -1.0, "coco/AP (L)": 0.9653885388538853, "coco/AR": 0.9733333333333333, "coco/AR .5": 1.0, "coco/AR .75": 1.0, "coco/AR (M)": -1.0, "coco/AR (L)": 0.9733333333333333, "data_time": 0.03492474555969238, "time": 0.1331019401550293, "step": 40}
{"coco/AP": 0.9621190690497621, "coco/AP .5": 1.0, "coco/AP .75": 1.0, "coco/AP (M)": -1.0, "coco/AP (L)": 0.9621190690497621, "coco/AR": 0.9666666666666666, "coco/AR .5": 1.0, "coco/AR .75": 1.0, "coco/AR (M)": -1.0, "coco/AR (L)": 0.9666666666666666, "data_time": 0.03515394528706869, "time": 0.13394737243652344, "step": 50}
{"coco/AP": 0.9792079207920792, "coco/AP .5": 1.0, "coco/AP .75": 1.0, "coco/AP (M)": -1.0, "coco/AP (L)": 0.9792079207920792, "coco/AR": 0.9800000000000001, "coco/AR .5": 1.0, "coco/AR .75": 1.0, "coco/AR (M)": -1.0, "coco/AR (L)": 0.9800000000000001, "data_time": 0.034797350565592446, "time": 0.12970121701558432, "step": 60}
{"coco/AP": 0.9792079207920792, "coco/AP .5": 1.0, "coco/AP .75": 1.0, "coco/AP (M)": -1.0, "coco/AP (L)": 0.9792079207920792, "coco/AR": 0.9800000000000001, "coco/AR .5": 1.0, "coco/AR .75": 1.0, "coco/AR (M)": -1.0, "coco/AR (L)": 0.9800000000000001, "data_time": 0.0382376511891683, "time": 0.14849257469177246, "step": 70}
{"coco/AP": 0.9792079207920792, "coco/AP .5": 1.0, "coco/AP .75": 1.0, "coco/AP (M)": -1.0, "coco/AP (L)": 0.9792079207920792, "coco/AR": 0.9800000000000001, "coco/AR .5": 1.0, "coco/AR .75": 1.0, "coco/AR (M)": -1.0, "coco/AR (L)": 0.9800000000000001, "data_time": 0.03485250473022461, "time": 0.14136727650960287, "step": 80}
{"coco/AP": 0.9792079207920792, "coco/AP .5": 1.0, "coco/AP .75": 1.0, "coco/AP (M)": -1.0, "coco/AP (L)": 0.9792079207920792, "coco/AR": 0.9800000000000001, "coco/AR .5": 1.0, "coco/AR .75": 1.0, "coco/AR (M)": -1.0, "coco/AR (L)": 0.9800000000000001, "data_time": 0.03763047854105631, "time": 0.13715672492980957, "step": 90}
{"coco/AP": 0.9917491749174918, "coco/AP .5": 1.0, "coco/AP .75": 1.0, "coco/AP (M)": -1.0, "coco/AP (L)": 0.9917491749174918, "coco/AR": 0.9933333333333334, "coco/AR .5": 1.0, "coco/AR .75": 1.0, "coco/AR (M)": -1.0, "coco/AR (L)": 0.9933333333333334, "data_time": 0.035394748051961265, "time": 0.1319249471028646, "step": 100}
{"coco/AP": 0.9844224422442244, "coco/AP .5": 1.0, "coco/AP .75": 1.0, "coco/AP (M)": -1.0, "coco/AP (L)": 0.9844224422442244, "coco/AR": 0.9866666666666667, "coco/AR .5": 1.0, "coco/AR .75": 1.0, "coco/AR (M)": -1.0, "coco/AR (L)": 0.9866666666666667, "data_time": 0.03760687510172526, "time": 0.13412769635518393, "step": 110}
{"coco/AP": 0.9917491749174918, "coco/AP .5": 1.0, "coco/AP .75": 1.0, "coco/AP (M)": -1.0, "coco/AP (L)": 0.9917491749174918, "coco/AR": 0.9933333333333334, "coco/AR .5": 1.0, "coco/AR .75": 1.0, "coco/AR (M)": -1.0, "coco/AR (L)": 0.9933333333333334, "data_time": 0.03778751691182455, "time": 0.1297612984975179, "step": 120}
{"coco/AP": 0.9917491749174918, "coco/AP .5": 1.0, "coco/AP .75": 1.0, "coco/AP (M)": -1.0, "coco/AP (L)": 0.9917491749174918, "coco/AR": 0.9933333333333334, "coco/AR .5": 1.0, "coco/AR .75": 1.0, "coco/AR (M)": -1.0, "coco/AR (L)": 0.9933333333333334, "data_time": 0.034883340199788414, "time": 0.1380580266316732, "step": 130}
{"coco/AP": 0.9917491749174918, "coco/AP .5": 1.0, "coco/AP .75": 1.0, "coco/AP (M)": -1.0, "coco/AP (L)": 0.9917491749174918, "coco/AR": 0.9933333333333334, "coco/AR .5": 1.0, "coco/AR .75": 1.0, "coco/AR (M)": -1.0, "coco/AR (L)": 0.9933333333333334, "data_time": 0.0351553757985433, "time": 0.14216081301371256, "step": 140}
{"coco/AP": 0.9917491749174918, "coco/AP .5": 1.0, "coco/AP .75": 1.0, "coco/AP (M)": -1.0, "coco/AP (L)": 0.9917491749174918, "coco/AR": 0.9933333333333334, "coco/AR .5": 1.0, "coco/AR .75": 1.0, "coco/AR (M)": -1.0, "coco/AR (L)": 0.9933333333333334, "data_time": 0.035072882970174156, "time": 0.15051976839701334, "step": 150}
{"coco/AP": 0.9912871287128713, "coco/AP .5": 1.0, "coco/AP .75": 1.0, "coco/AP (M)": -1.0, "coco/AP (L)": 0.9912871287128713, "coco/AR": 0.9933333333333334, "coco/AR .5": 1.0, "coco/AR .75": 1.0, "coco/AR (M)": -1.0, "coco/AR (L)": 0.9933333333333334, "data_time": 0.0357209046681722, "time": 0.14802654584248862, "step": 160}
{"coco/AP": 0.9912871287128713, "coco/AP .5": 1.0, "coco/AP .75": 1.0, "coco/AP (M)": -1.0, "coco/AP (L)": 0.9912871287128713, "coco/AR": 0.9933333333333334, "coco/AR .5": 1.0, "coco/AR .75": 1.0, "coco/AR (M)": -1.0, "coco/AR (L)": 0.9933333333333334, "data_time": 0.03546643257141113, "time": 0.1393275260925293, "step": 170}
{"coco/AP": 0.9912871287128713, "coco/AP .5": 1.0, "coco/AP .75": 1.0, "coco/AP (M)": -1.0, "coco/AP (L)": 0.9912871287128713, "coco/AR": 0.9933333333333334, "coco/AR .5": 1.0, "coco/AR .75": 1.0, "coco/AR (M)": -1.0, "coco/AR (L)": 0.9933333333333334, "data_time": 0.035346666971842446, "time": 0.1326869328816732, "step": 180}
{"coco/AP": 0.9912871287128713, "coco/AP .5": 1.0, "coco/AP .75": 1.0, "coco/AP (M)": -1.0, "coco/AP (L)": 0.9912871287128713, "coco/AR": 0.9933333333333334, "coco/AR .5": 1.0, "coco/AR .75": 1.0, "coco/AR (M)": -1.0, "coco/AR (L)": 0.9933333333333334, "data_time": 0.0371087392171224, "time": 0.1428410212198893, "step": 190}
{"coco/AP": 0.9912871287128713, "coco/AP .5": 1.0, "coco/AP .75": 1.0, "coco/AP (M)": -1.0, "coco/AP (L)": 0.9912871287128713, "coco/AR": 0.9933333333333334, "coco/AR .5": 1.0, "coco/AR .75": 1.0, "coco/AR (M)": -1.0, "coco/AR (L)": 0.9933333333333334, "data_time": 0.03571160634358724, "time": 0.13670086860656738, "step": 200}
{"coco/AP": 0.9912871287128713, "coco/AP .5": 1.0, "coco/AP .75": 1.0, "coco/AP (M)": -1.0, "coco/AP (L)": 0.9912871287128713, "coco/AR": 0.9933333333333334, "coco/AR .5": 1.0, "coco/AR .75": 1.0, "coco/AR (M)": -1.0, "coco/AR (L)": 0.9933333333333334, "data_time": 0.036014397939046226, "time": 0.14197794596354166, "step": 210}
