{"coco/AP": 0.8502069261548004, "coco/AP .5": 1.0, "coco/AP .75": 0.8957483983692489, "coco/AP (M)": -1.0, "coco/AP (L)": 0.8502069261548004, "coco/AR": 0.8941176470588234, "coco/AR .5": 1.0, "coco/AR .75": 0.9411764705882353, "coco/AR (M)": -1.0, "coco/AR (L)": 0.8941176470588234, "data_time": 0.44694844881693524, "time": 0.733073870340983}