{"coco/AP": 0.8918246110325319, "coco/AP .5": 1.0, "coco/AP .75": 0.8732673267326735, "coco/AP (M)": -1.0, "coco/AP (L)": 0.8918246110325319, "coco/AR": 0.9333333333333332, "coco/AR .5": 1.0, "coco/AR .75": 0.9333333333333333, "coco/AR (M)": -1.0, "coco/AR (L)": 0.9333333333333332, "data_time": 0.3845701217651367, "time": 0.7236353158950806}