{"coco/AP": 0.8528052805280528, "coco/AP .5": 1.0, "coco/AP .75": 0.8910891089108912, "coco/AP (M)": -1.0, "coco/AP (L)": 0.8528052805280528, "coco/AR": 0.8933333333333333, "coco/AR .5": 1.0, "coco/AR .75": 0.9333333333333333, "coco/AR (M)": -1.0, "coco/AR (L)": 0.8933333333333333, "data_time": 0.3710169792175293, "time": 0.6775723695755005}