{"coco/AP": 0.8739213921392139, "coco/AP .5": 1.0, "coco/AP .75": 0.926072607260726, "coco/AP (M)": -1.0, "coco/AP (L)": 0.8739213921392139, "coco/AR": 0.8933333333333333, "coco/AR .5": 1.0, "coco/AR .75": 0.9333333333333333, "coco/AR (M)": -1.0, "coco/AR (L)": 0.8933333333333333, "data_time": 0.3766622543334961, "time": 0.6990984678268433}