{"coco/AP": 0.7844901128768338, "coco/AP .5": 1.0, "coco/AP .75": 0.9161327897495632, "coco/AP (M)": -1.0, "coco/AP (L)": 0.7844901128768338, "coco/AR": 0.8470588235294118, "coco/AR .5": 1.0, "coco/AR .75": 0.9411764705882353, "coco/AR (M)": -1.0, "coco/AR (L)": 0.8470588235294118, "data_time": 0.10141777992248535, "time": 0.37673187255859375}