{"coco/AP": 0.8056290040768783, "coco/AP .5": 1.0, "coco/AP .75": 0.8992428654630171, "coco/AP (M)": -1.0, "coco/AP (L)": 0.8056290040768783, "coco/AR": 0.8470588235294118, "coco/AR .5": 1.0, "coco/AR .75": 0.9411764705882353, "coco/AR (M)": -1.0, "coco/AR (L)": 0.8470588235294118, "data_time": 0.0633548100789388, "time": 0.29491114616394043}