{"coco/AP": 0.8663432771848614, "coco/AP .5": 1.0, "coco/AP .75": 0.8864686468646867, "coco/AP (M)": -1.0, "coco/AP (L)": 0.8663432771848614, "coco/AR": 0.9, "coco/AR .5": 1.0, "coco/AR .75": 0.9333333333333333, "coco/AR (M)": -1.0, "coco/AR (L)": 0.9, "data_time": 0.39806675910949707, "time": 0.7446131706237793}