{"coco/AP": 0.86000942951438, "coco/AP .5": 1.0, "coco/AP .75": 0.912871287128713, "coco/AP (M)": -1.0, "coco/AP (L)": 0.86000942951438, "coco/AR": 0.8800000000000001, "coco/AR .5": 1.0, "coco/AR .75": 0.9333333333333333, "coco/AR (M)": -1.0, "coco/AR (L)": 0.8800000000000001, "data_time": 0.36049020290374756, "time": 0.6580212116241455}