{"coco/AP": 0.8342078514574147, "coco/AP .5": 1.0, "coco/AP .75": 0.8243544942729569, "coco/AP (M)": -1.0, "coco/AP (L)": 0.8342078514574147, "coco/AR": 0.8764705882352942, "coco/AR .5": 1.0, "coco/AR .75": 0.8823529411764706, "coco/AR (M)": -1.0, "coco/AR (L)": 0.8764705882352942, "data_time": 0.41559267044067383, "time": 0.6665699481964111}