{"coco/AP": 0.8248283748866161, "coco/AP .5": 1.0, "coco/AP .75": 0.8887594641817125, "coco/AP (M)": -1.0, "coco/AP (L)": 0.8248283748866161, "coco/AR": 0.876470588235294, "coco/AR .5": 1.0, "coco/AR .75": 0.9411764705882353, "coco/AR (M)": -1.0, "coco/AR (L)": 0.876470588235294, "data_time": 0.41091378529866535, "time": 0.650651216506958}