{"coco/AP": 0.8636432214650036, "coco/AP .5": 1.0, "coco/AP .75": 0.8825082508250827, "coco/AP (M)": -1.0, "coco/AP (L)": 0.8636432214650036, "coco/AR": 0.8933333333333333, "coco/AR .5": 1.0, "coco/AR .75": 0.9333333333333333, "coco/AR (M)": -1.0, "coco/AR (L)": 0.8933333333333333, "data_time": 0.4001108407974243, "time": 0.7593355178833008}