{"coco/AP": 0.8731531257521358, "coco/AP .5": 1.0, "coco/AP .75": 0.9174917491749175, "coco/AP (M)": -1.0, "coco/AP (L)": 0.8731531257521358, "coco/AR": 0.8933333333333333, "coco/AR .5": 1.0, "coco/AR .75": 0.9333333333333333, "coco/AR (M)": -1.0, "coco/AR (L)": 0.8933333333333333, "data_time": 0.3852968215942383, "time": 0.7170745134353638}