{"coco/AP": 0.8010760419933397, "coco/AP .5": 1.0, "coco/AP .75": 0.7986604542807224, "coco/AP (M)": -1.0, "coco/AP (L)": 0.8010760419933397, "coco/AR": 0.8529411764705882, "coco/AR .5": 1.0, "coco/AR .75": 0.8823529411764706, "coco/AR (M)": -1.0, "coco/AR (L)": 0.8529411764705882, "data_time": 0.46801090240478516, "time": 0.8129395643870035}