{"coco/AP": 0.8503900608225012, "coco/AP .5": 1.0, "coco/AP .75": 0.885264997087944, "coco/AP (M)": -1.0, "coco/AP (L)": 0.8503900608225012, "coco/AR": 0.8999999999999998, "coco/AR .5": 1.0, "coco/AR .75": 0.9411764705882353, "coco/AR (M)": -1.0, "coco/AR (L)": 0.8999999999999998, "data_time": 0.42124255498250324, "time": 0.6759328047434489}