{"coco/AP": 0.8721860757504322, "coco/AP .5": 1.0, "coco/AP .75": 0.908910891089109, "coco/AP (M)": -1.0, "coco/AP (L)": 0.8721860757504322, "coco/AR": 0.8933333333333333, "coco/AR .5": 1.0, "coco/AR .75": 0.9333333333333333, "coco/AR (M)": -1.0, "coco/AR (L)": 0.8933333333333333, "data_time": 0.3769749402999878, "time": 0.6815752983093262}