{"coco/AP": 0.8575869510027927, "coco/AP .5": 1.0, "coco/AP .75": 0.9042904290429044, "coco/AP (M)": -1.0, "coco/AP (L)": 0.8575869510027927, "coco/AR": 0.8866666666666667, "coco/AR .5": 1.0, "coco/AR .75": 0.9333333333333333, "coco/AR (M)": -1.0, "coco/AR (L)": 0.8866666666666667, "data_time": 0.38210201263427734, "time": 0.7175602912902832}