{"coco/AP": 0.7632422906156162, "coco/AP .5": 1.0, "coco/AP .75": 0.9231217239370997, "coco/AP (M)": -1.0, "coco/AP (L)": 0.7632422906156162, "coco/AR": 0.823529411764706, "coco/AR .5": 1.0, "coco/AR .75": 0.9411764705882353, "coco/AR (M)": -1.0, "coco/AR (L)": 0.823529411764706, "data_time": 0.38637955983479816, "time": 0.6052710215250651}