{"coco/AP": 0.8363303634823729, "coco/AP .5": 1.0, "coco/AP .75": 0.9062317996505534, "coco/AP (M)": -1.0, "coco/AP (L)": 0.8363303634823729, "coco/AR": 0.8705882352941176, "coco/AR .5": 1.0, "coco/AR .75": 0.9411764705882353, "coco/AR (M)": -1.0, "coco/AR (L)": 0.8705882352941176, "data_time": 0.39943385124206543, "time": 0.6576797962188721}