{"coco/AP": 0.8232206203813659, "coco/AP .5": 1.0, "coco/AP .75": 0.9266161910308679, "coco/AP (M)": -1.0, "coco/AP (L)": 0.8232206203813659, "coco/AR": 0.8588235294117647, "coco/AR .5": 1.0, "coco/AR .75": 0.9411764705882353, "coco/AR (M)": -1.0, "coco/AR (L)": 0.8588235294117647, "data_time": 0.39136536916097003, "time": 0.6263465881347656}