{"coco/AP": 0.8136557395235322, "coco/AP .5": 1.0, "coco/AP .75": 0.8202290817317028, "coco/AP (M)": -1.0, "coco/AP (L)": 0.8136557395235322, "coco/AR": 0.8529411764705882, "coco/AR .5": 1.0, "coco/AR .75": 0.8823529411764706, "coco/AR (M)": -1.0, "coco/AR (L)": 0.8529411764705882, "data_time": 0.4035038948059082, "time": 0.6425875822703043}