{"coco/AP": 0.8186020051584991, "coco/AP .5": 1.0, "coco/AP .75": 0.8957483983692489, "coco/AP (M)": -1.0, "coco/AP (L)": 0.8186020051584991, "coco/AR": 0.8647058823529411, "coco/AR .5": 1.0, "coco/AR .75": 0.9411764705882353, "coco/AR (M)": -1.0, "coco/AR (L)": 0.8647058823529411, "data_time": 0.4322029749552409, "time": 0.6656279563903809}