{"coco/AP": 0.7948493011065813, "coco/AP .5": 1.0, "coco/AP .75": 0.9132207338380898, "coco/AP (M)": -1.0, "coco/AP (L)": 0.7948493011065813, "coco/AR": 0.8058823529411765, "coco/AR .5": 1.0, "coco/AR .75": 0.9411764705882353, "coco/AR (M)": -1.0, "coco/AR (L)": 0.8058823529411765, "data_time": 0.40432238578796387, "time": 0.6486601034800211}