{"coco/AP": 0.868024516737388, "coco/AP .5": 1.0, "coco/AP .75": 0.8825082508250827, "coco/AP (M)": -1.0, "coco/AP (L)": 0.868024516737388, "coco/AR": 0.9066666666666666, "coco/AR .5": 1.0, "coco/AR .75": 0.9333333333333333, "coco/AR (M)": -1.0, "coco/AR (L)": 0.9066666666666666, "data_time": 0.35802459716796875, "time": 0.6763437986373901}