{"coco/AP": 0.827881964667055, "coco/AP .5": 1.0, "coco/AP .75": 0.9062317996505534, "coco/AP (M)": -1.0, "coco/AP (L)": 0.827881964667055, "coco/AR": 0.8764705882352942, "coco/AR .5": 1.0, "coco/AR .75": 0.9411764705882353, "coco/AR (M)": -1.0, "coco/AR (L)": 0.8764705882352942, "data_time": 0.404038667678833, "time": 0.6246082782745361}