{"coco/AP": 0.8402257032425933, "coco/AP .5": 1.0, "coco/AP .75": 0.9097262667443217, "coco/AP (M)": -1.0, "coco/AP (L)": 0.8402257032425933, "coco/AR": 0.8823529411764707, "coco/AR .5": 1.0, "coco/AR .75": 0.9411764705882353, "coco/AR (M)": -1.0, "coco/AR (L)": 0.8823529411764707, "data_time": 0.40709177652994794, "time": 0.6416934331258138}