{"coco/AP": 0.8320367751060821, "coco/AP .5": 1.0, "coco/AP .75": 0.9132207338380898, "coco/AP (M)": -1.0, "coco/AP (L)": 0.8320367751060821, "coco/AR": 0.8764705882352942, "coco/AR .5": 1.0, "coco/AR .75": 0.9411764705882353, "coco/AR (M)": -1.0, "coco/AR (L)": 0.8764705882352942, "data_time": 0.39921029408772785, "time": 0.6460930506388346}