{"coco/AP": 0.8062915341307887, "coco/AP .5": 1.0, "coco/AP .75": 0.7806251213356633, "coco/AP (M)": -1.0, "coco/AP (L)": 0.8062915341307887, "coco/AR": 0.8647058823529411, "coco/AR .5": 1.0, "coco/AR .75": 0.8823529411764706, "coco/AR (M)": -1.0, "coco/AR (L)": 0.8647058823529411, "data_time": 0.432619571685791, "time": 0.7130657037099203}