{"coco/AP": 0.7939628787539388, "coco/AP .5": 1.0, "coco/AP .75": 0.930110658124636, "coco/AP (M)": -1.0, "coco/AP (L)": 0.7939628787539388, "coco/AR": 0.8294117647058823, "coco/AR .5": 1.0, "coco/AR .75": 0.9411764705882353, "coco/AR (M)": -1.0, "coco/AR (L)": 0.8294117647058823, "data_time": 0.06479239463806152, "time": 0.3022865454355876}