{"coco/AP": 0.8473148090503946, "coco/AP .5": 1.0, "coco/AP .75": 0.9062317996505534, "coco/AP (M)": -1.0, "coco/AP (L)": 0.8473148090503946, "coco/AR": 0.8823529411764707, "coco/AR .5": 1.0, "coco/AR .75": 0.9411764705882353, "coco/AR (M)": -1.0, "coco/AR (L)": 0.8823529411764707, "data_time": 0.4129691918690999, "time": 0.6755015850067139}