{"coco/AP": 0.8186265685392069, "coco/AP .5": 1.0, "coco/AP .75": 0.8194525334886431, "coco/AP (M)": -1.0, "coco/AP (L)": 0.8186265685392069, "coco/AR": 0.8647058823529413, "coco/AR .5": 1.0, "coco/AR .75": 0.8823529411764706, "coco/AR (M)": -1.0, "coco/AR (L)": 0.8647058823529413, "data_time": 0.43186410268147785, "time": 0.681257168451945}