{"coco/AP": 0.8115975463092527, "coco/AP .5": 1.0, "coco/AP .75": 0.8887594641817125, "coco/AP (M)": -1.0, "coco/AP (L)": 0.8115975463092527, "coco/AR": 0.8588235294117647, "coco/AR .5": 1.0, "coco/AR .75": 0.9411764705882353, "coco/AR (M)": -1.0, "coco/AR (L)": 0.8588235294117647, "data_time": 0.41395847002665204, "time": 0.6677672863006592}