{"coco/AP": 0.8923091430022123, "coco/AP .5": 1.0, "coco/AP .75": 0.8864686468646867, "coco/AP (M)": -1.0, "coco/AP (L)": 0.8923091430022123, "coco/AR": 0.9266666666666665, "coco/AR .5": 1.0, "coco/AR .75": 0.9333333333333333, "coco/AR (M)": -1.0, "coco/AR (L)": 0.9266666666666665, "data_time": 0.375687837600708, "time": 0.6964465379714966}