{"coco/AP": 0.8668246110325318, "coco/AP .5": 1.0, "coco/AP .75": 0.8996699669966998, "coco/AP (M)": -1.0, "coco/AP (L)": 0.8668246110325318, "coco/AR": 0.8933333333333333, "coco/AR .5": 1.0, "coco/AR .75": 0.9333333333333333, "coco/AR (M)": -1.0, "coco/AR (L)": 0.8933333333333333, "data_time": 0.45256268978118896, "time": 0.8019583225250244}