{"coco/AP": 0.7773240446216568, "coco/AP .5": 1.0, "coco/AP .75": 0.8061466780162181, "coco/AP (M)": -1.0, "coco/AP (L)": 0.7773240446216568, "coco/AR": 0.8411764705882353, "coco/AR .5": 1.0, "coco/AR .75": 0.8823529411764706, "coco/AR (M)": -1.0, "coco/AR (L)": 0.8411764705882353, "data_time": 0.4330323537190755, "time": 0.7026143074035645}