{"coco/AP": 0.865964096409641, "coco/AP .5": 0.9207920792079208, "coco/AP .75": 0.9207920792079208, "coco/AP (M)": -1.0, "coco/AP (L)": 0.865964096409641, "coco/AR": 0.8846153846153847, "coco/AR .5": 0.9230769230769231, "coco/AR .75": 0.9230769230769231, "coco/AR (M)": -1.0, "coco/AR (L)": 0.8846153846153847, "data_time": 0.355676531791687, "time": 0.6436169147491455}