{"coco/AP": 0.8635517837498036, "coco/AP .5": 1.0, "coco/AP .75": 0.912871287128713, "coco/AP (M)": -1.0, "coco/AP (L)": 0.8635517837498036, "coco/AR": 0.8866666666666667, "coco/AR .5": 1.0, "coco/AR .75": 0.9333333333333333, "coco/AR (M)": -1.0, "coco/AR (L)": 0.8866666666666667, "data_time": 0.37597572803497314, "time": 0.6572021245956421}