{"coco/AP": 0.8333777026700733, "coco/AP .5": 1.0, "coco/AP .75": 0.9161327897495632, "coco/AP (M)": -1.0, "coco/AP (L)": 0.8333777026700733, "coco/AR": 0.8764705882352942, "coco/AR .5": 1.0, "coco/AR .75": 0.9411764705882353, "coco/AR (M)": -1.0, "coco/AR (L)": 0.8764705882352942, "data_time": 0.4295334021250407, "time": 0.7066528002421061}