{"coco/AP": 0.8335995784452396, "coco/AP .5": 1.0, "coco/AP .75": 0.9132207338380898, "coco/AP (M)": -1.0, "coco/AP (L)": 0.8335995784452396, "coco/AR": 0.8588235294117649, "coco/AR .5": 1.0, "coco/AR .75": 0.9411764705882353, "coco/AR (M)": -1.0, "coco/AR (L)": 0.8588235294117649, "data_time": 0.43183151880900067, "time": 0.7046205202738444}