{"coco/AP": 0.8305574507030535, "coco/AP .5": 1.0, "coco/AP .75": 0.9196272568433315, "coco/AP (M)": -1.0, "coco/AP (L)": 0.8305574507030535, "coco/AR": 0.8705882352941176, "coco/AR .5": 1.0, "coco/AR .75": 0.9411764705882353, "coco/AR (M)": -1.0, "coco/AR (L)": 0.8705882352941176, "data_time": 0.39001742998758954, "time": 0.5945994853973389}