{"coco/AP": 0.8647524752475247, "coco/AP .5": 0.9207920792079208, "coco/AP .75": 0.9207920792079208, "coco/AP (M)": -1.0, "coco/AP (L)": 0.8647524752475247, "coco/AR": 0.8692307692307691, "coco/AR .5": 0.9230769230769231, "coco/AR .75": 0.9230769230769231, "coco/AR (M)": -1.0, "coco/AR (L)": 0.8692307692307691, "data_time": 0.3792179822921753, "time": 0.766287088394165}