{"coco/AP": 0.8040174560442469, "coco/AP .5": 1.0, "coco/AP .75": 0.8061466780162181, "coco/AP (M)": -1.0, "coco/AP (L)": 0.8040174560442469, "coco/AR": 0.8470588235294118, "coco/AR .5": 1.0, "coco/AR .75": 0.8823529411764706, "coco/AR (M)": -1.0, "coco/AR (L)": 0.8470588235294118, "data_time": 0.43109925587972003, "time": 0.6857673327128092}