{"coco/AP": 0.8117032472478019, "coco/AP .5": 1.0, "coco/AP .75": 0.9027373325567852, "coco/AP (M)": -1.0, "coco/AP (L)": 0.8117032472478019, "coco/AR": 0.8529411764705881, "coco/AR .5": 1.0, "coco/AR .75": 0.9411764705882353, "coco/AR (M)": -1.0, "coco/AR (L)": 0.8529411764705881, "data_time": 0.3862450917561849, "time": 0.6178479194641113}