{"coco/AP": 0.8206471571526901, "coco/AP .5": 1.0, "coco/AP .75": 0.9062317996505534, "coco/AP (M)": -1.0, "coco/AP (L)": 0.8206471571526901, "coco/AR": 0.8588235294117649, "coco/AR .5": 1.0, "coco/AR .75": 0.9411764705882353, "coco/AR (M)": -1.0, "coco/AR (L)": 0.8588235294117649, "data_time": 0.5007053216298422, "time": 0.7909015814463297}