{"coco/AP": 0.8167932969767565, "coco/AP .5": 1.0, "coco/AP .75": 0.9266161910308679, "coco/AP (M)": -1.0, "coco/AP (L)": 0.8167932969767565, "coco/AR": 0.8470588235294116, "coco/AR .5": 1.0, "coco/AR .75": 0.9411764705882353, "coco/AR (M)": -1.0, "coco/AR (L)": 0.8470588235294116, "data_time": 0.39190149307250977, "time": 0.6298759778340658}