{"coco/AP": 0.7778988445062994, "coco/AP .5": 1.0, "coco/AP .75": 0.8293049893224619, "coco/AP (M)": -1.0, "coco/AP (L)": 0.7778988445062994, "coco/AR": 0.8117647058823529, "coco/AR .5": 1.0, "coco/AR .75": 0.8823529411764706, "coco/AR (M)": -1.0, "coco/AR (L)": 0.8117647058823529, "data_time": 0.532991886138916, "time": 0.8491876920064291}