{"coco/AP": 0.7371562156215622, "coco/AP .5": 0.9207920792079208, "coco/AP .75": 0.9207920792079208, "coco/AP (M)": -1.0, "coco/AP (L)": 0.7371562156215622, "coco/AR": 0.7769230769230769, "coco/AR .5": 0.9230769230769231, "coco/AR .75": 0.9230769230769231, "coco/AR (M)": -1.0, "coco/AR (L)": 0.7769230769230769, "data_time": 0.11043703556060791, "time": 0.42131316661834717}