{"coco/AP": 0.8238440650787768, "coco/AP .5": 1.0, "coco/AP .75": 0.9231217239370997, "coco/AP (M)": -1.0, "coco/AP (L)": 0.8238440650787768, "coco/AR": 0.8470588235294118, "coco/AR .5": 1.0, "coco/AR .75": 0.9411764705882353, "coco/AR (M)": -1.0, "coco/AR (L)": 0.8470588235294118, "data_time": 0.40008266766866046, "time": 0.6371472676595052}