{"coco/AP": 0.8108677926616191, "coco/AP .5": 1.0, "coco/AP .75": 0.885264997087944, "coco/AP (M)": -1.0, "coco/AP (L)": 0.8108677926616191, "coco/AR": 0.864705882352941, "coco/AR .5": 1.0, "coco/AR .75": 0.9411764705882353, "coco/AR (M)": -1.0, "coco/AR (L)": 0.864705882352941, "data_time": 0.4344593683878581, "time": 0.7040327390034994}