{"coco/AP": 0.8602404526166902, "coco/AP .5": 1.0, "coco/AP .75": 0.9174917491749175, "coco/AP (M)": -1.0, "coco/AP (L)": 0.8602404526166902, "coco/AR": 0.8866666666666667, "coco/AR .5": 1.0, "coco/AR .75": 0.9333333333333333, "coco/AR (M)": -1.0, "coco/AR (L)": 0.8866666666666667, "data_time": 0.3703867197036743, "time": 0.6713893413543701}