{"coco/AP": 0.8814722900861515, "coco/AP .5": 1.0, "coco/AP .75": 0.8910891089108912, "coco/AP (M)": -1.0, "coco/AP (L)": 0.8814722900861515, "coco/AR": 0.9133333333333333, "coco/AR .5": 1.0, "coco/AR .75": 0.9333333333333333, "coco/AR (M)": -1.0, "coco/AR (L)": 0.9133333333333333, "data_time": 0.3805832862854004, "time": 0.6881802082061768}