{"coco/AP": 0.8662659123055164, "coco/AP .5": 1.0, "coco/AP .75": 0.8864686468646867, "coco/AP (M)": -1.0, "coco/AP (L)": 0.8662659123055164, "coco/AR": 0.9, "coco/AR .5": 1.0, "coco/AR .75": 0.9333333333333333, "coco/AR (M)": -1.0, "coco/AR (L)": 0.9, "data_time": 0.38760924339294434, "time": 0.7145620584487915}