{"coco/AP": 0.8682336805109083, "coco/AP .5": 1.0, "coco/AP .75": 0.8996699669966998, "coco/AP (M)": -1.0, "coco/AP (L)": 0.8682336805109083, "coco/AR": 0.8866666666666667, "coco/AR .5": 1.0, "coco/AR .75": 0.9333333333333333, "coco/AR (M)": -1.0, "coco/AR (L)": 0.8866666666666667, "data_time": 0.371529221534729, "time": 0.6893070936203003}