{"coco/AP": 0.8128270836133388, "coco/AP .5": 1.0, "coco/AP .75": 0.813628421665696, "coco/AP (M)": -1.0, "coco/AP (L)": 0.8128270836133388, "coco/AR": 0.8647058823529411, "coco/AR .5": 1.0, "coco/AR .75": 0.8823529411764706, "coco/AR (M)": -1.0, "coco/AR (L)": 0.8647058823529411, "data_time": 0.4061260223388672, "time": 0.6174013614654541}