{"coco/AP": 0.8864926932253665, "coco/AP .5": 1.0, "coco/AP .75": 0.8957095709570957, "coco/AP (M)": -1.0, "coco/AP (L)": 0.8864926932253665, "coco/AR": 0.9133333333333333, "coco/AR .5": 1.0, "coco/AR .75": 0.9333333333333333, "coco/AR (M)": -1.0, "coco/AR (L)": 0.9133333333333333, "data_time": 0.37339961528778076, "time": 0.6635656356811523}