{"coco/AP": 0.8976918131373578, "coco/AP .5": 1.0, "coco/AP .75": 0.908910891089109, "coco/AP (M)": -1.0, "coco/AP (L)": 0.8976918131373578, "coco/AR": 0.9133333333333333, "coco/AR .5": 1.0, "coco/AR .75": 0.9333333333333333, "coco/AR (M)": -1.0, "coco/AR (L)": 0.9133333333333333, "data_time": 0.3956282138824463, "time": 0.6831789016723633}