{"coco/AP": 0.84853428385825, "coco/AP .5": 1.0, "coco/AP .75": 0.9132207338380898, "coco/AP (M)": -1.0, "coco/AP (L)": 0.84853428385825, "coco/AR": 0.8647058823529411, "coco/AR .5": 1.0, "coco/AR .75": 0.9411764705882353, "coco/AR (M)": -1.0, "coco/AR (L)": 0.8647058823529411, "data_time": 0.42375930150349933, "time": 0.7017627557118734}