{"coco/AP": 0.7991522426321495, "coco/AP .5": 1.0, "coco/AP .75": 0.8957483983692489, "coco/AP (M)": -1.0, "coco/AP (L)": 0.7991522426321495, "coco/AR": 0.8352941176470587, "coco/AR .5": 1.0, "coco/AR .75": 0.9411764705882353, "coco/AR (M)": -1.0, "coco/AR (L)": 0.8352941176470587, "data_time": 0.09171636899312337, "time": 0.39873234430948895}