{"coco/AP": 0.80889737082952, "coco/AP .5": 1.0, "coco/AP .75": 0.8194525334886431, "coco/AP (M)": -1.0, "coco/AP (L)": 0.80889737082952, "coco/AR": 0.8470588235294116, "coco/AR .5": 1.0, "coco/AR .75": 0.8823529411764706, "coco/AR (M)": -1.0, "coco/AR (L)": 0.8470588235294116, "data_time": 0.06678318977355957, "time": 0.3092157046000163}