{"coco/AP": 0.8143698759016175, "coco/AP .5": 1.0, "coco/AP .75": 0.8105416423995342, "coco/AP (M)": -1.0, "coco/AP (L)": 0.8143698759016175, "coco/AR": 0.8588235294117647, "coco/AR .5": 1.0, "coco/AR .75": 0.8823529411764706, "coco/AR (M)": -1.0, "coco/AR (L)": 0.8588235294117647, "data_time": 0.3853878974914551, "time": 0.6231139500935873}