{"coco/AP": 0.8145501945152499, "coco/AP .5": 1.0, "coco/AP .75": 0.9062317996505534, "coco/AP (M)": -1.0, "coco/AP (L)": 0.8145501945152499, "coco/AR": 0.8411764705882353, "coco/AR .5": 1.0, "coco/AR .75": 0.9411764705882353, "coco/AR (M)": -1.0, "coco/AR (L)": 0.8411764705882353, "data_time": 0.4261765480041504, "time": 0.7157396475474039}