{"coco/AP": 0.8734183802995684, "coco/AP .5": 1.0, "coco/AP .75": 0.8957095709570957, "coco/AP (M)": -1.0, "coco/AP (L)": 0.8734183802995684, "coco/AR": 0.9, "coco/AR .5": 1.0, "coco/AR .75": 0.9333333333333333, "coco/AR (M)": -1.0, "coco/AR (L)": 0.9, "data_time": 0.3848552703857422, "time": 0.7505000829696655}