{"coco/AP": 0.8528968968325404, "coco/AP .5": 1.0, "coco/AP .75": 0.9042904290429044, "coco/AP (M)": -1.0, "coco/AP (L)": 0.8528968968325404, "coco/AR": 0.8800000000000001, "coco/AR .5": 1.0, "coco/AR .75": 0.9333333333333333, "coco/AR (M)": -1.0, "coco/AR (L)": 0.8800000000000001, "data_time": 0.3766460418701172, "time": 0.6790990829467773}