{"coco/AP": 0.8355775577557757, "coco/AP .5": 1.0, "coco/AP .75": 0.9042904290429044, "coco/AP (M)": -1.0, "coco/AP (L)": 0.8355775577557757, "coco/AR": 0.8533333333333333, "coco/AR .5": 1.0, "coco/AR .75": 0.9333333333333333, "coco/AR (M)": -1.0, "coco/AR (L)": 0.8533333333333333, "data_time": 0.3726215362548828, "time": 0.690385103225708}