{"coco/AP": 0.9055115511551155, "coco/AP .5": 1.0, "coco/AP .75": 0.9207920792079208, "coco/AP (M)": -1.0, "coco/AP (L)": 0.9055115511551155, "coco/AR": 0.9153846153846154, "coco/AR .5": 1.0, "coco/AR .75": 0.9230769230769231, "coco/AR (M)": -1.0, "coco/AR (L)": 0.9153846153846154, "data_time": 0.36700963973999023, "time": 0.6713074445724487}